[
    {
        "Id": "0111305b1bdbbe71a87f1301e2e9630d756a9bdfdec4bf3b4ecdb5ae640e9c26",
        "Created": "2023-07-20T17:09:23.251296214Z",
        "Path": "/usr/local/bin/entrypoint",
        "Args": [
            "/sbin/init"
        ],
        "State": {
            "Status": "running",
            "Running": true,
            "Paused": false,
            "Restarting": false,
            "OOMKilled": false,
            "Dead": false,
            "Pid": 50015,
            "ExitCode": 0,
            "Error": "",
            "StartedAt": "2023-07-20T17:09:24.307304798Z",
            "FinishedAt": "0001-01-01T00:00:00Z"
        },
        "Image": "sha256:6e360fda99b513dc6cadb9fb94d9e5910cab395a33641db08c92e93a0abaa6c6",
        "ResolvConfPath": "/var/lib/docker/containers/0111305b1bdbbe71a87f1301e2e9630d756a9bdfdec4bf3b4ecdb5ae640e9c26/resolv.conf",
        "HostnamePath": "/var/lib/docker/containers/0111305b1bdbbe71a87f1301e2e9630d756a9bdfdec4bf3b4ecdb5ae640e9c26/hostname",
        "HostsPath": "/var/lib/docker/containers/0111305b1bdbbe71a87f1301e2e9630d756a9bdfdec4bf3b4ecdb5ae640e9c26/hosts",
        "LogPath": "/var/lib/docker/containers/0111305b1bdbbe71a87f1301e2e9630d756a9bdfdec4bf3b4ecdb5ae640e9c26/0111305b1bdbbe71a87f1301e2e9630d756a9bdfdec4bf3b4ecdb5ae640e9c26-json.log",
        "Name": "/kind-control-plane",
        "RestartCount": 0,
        "Driver": "overlay2",
        "Platform": "linux",
        "MountLabel": "",
        "ProcessLabel": "",
        "AppArmorProfile": "",
        "ExecIDs": null,
        "HostConfig": {
            "Binds": [
                "/Users/kaijun/Go/src/kms/pkg/scripts/kms-encryption-conf.yaml:/etc/kubernetes/encryption/encryption-conf.yaml:ro",
                "/Users/kaijun/Go/src/kms/pkg/scripts/plugin.yaml:/etc/kubernetes/manifests/plugin.yaml:ro",
                "/lib/modules:/lib/modules:ro"
            ],
            "ContainerIDFile": "",
            "LogConfig": {
                "Type": "json-file",
                "Config": {}
            },
            "NetworkMode": "kind",
            "PortBindings": {
                "6443/tcp": [
                    {
                        "HostIp": "127.0.0.1",
                        "HostPort": "56263"
                    }
                ]
            },
            "RestartPolicy": {
                "Name": "on-failure",
                "MaximumRetryCount": 1
            },
            "AutoRemove": false,
            "VolumeDriver": "",
            "VolumesFrom": null,
            "CapAdd": null,
            "CapDrop": null,
            "CgroupnsMode": "private",
            "Dns": [],
            "DnsOptions": [],
            "DnsSearch": [],
            "ExtraHosts": null,
            "GroupAdd": null,
            "IpcMode": "private",
            "Cgroup": "",
            "Links": null,
            "OomScoreAdj": 0,
            "PidMode": "",
            "Privileged": true,
            "PublishAllPorts": false,
            "ReadonlyRootfs": false,
            "SecurityOpt": [
                "seccomp=unconfined",
                "apparmor=unconfined",
                "label=disable"
            ],
            "Tmpfs": {
                "/run": "",
                "/tmp": ""
            },
            "UTSMode": "",
            "UsernsMode": "",
            "ShmSize": 67108864,
            "Runtime": "runc",
            "ConsoleSize": [
                0,
                0
            ],
            "Isolation": "",
            "CpuShares": 0,
            "Memory": 0,
            "NanoCpus": 0,
            "CgroupParent": "",
            "BlkioWeight": 0,
            "BlkioWeightDevice": [],
            "BlkioDeviceReadBps": null,
            "BlkioDeviceWriteBps": null,
            "BlkioDeviceReadIOps": null,
            "BlkioDeviceWriteIOps": null,
            "CpuPeriod": 0,
            "CpuQuota": 0,
            "CpuRealtimePeriod": 0,
            "CpuRealtimeRuntime": 0,
            "CpusetCpus": "",
            "CpusetMems": "",
            "Devices": [],
            "DeviceCgroupRules": null,
            "DeviceRequests": null,
            "KernelMemory": 0,
            "KernelMemoryTCP": 0,
            "MemoryReservation": 0,
            "MemorySwap": 0,
            "MemorySwappiness": null,
            "OomKillDisable": null,
            "PidsLimit": null,
            "Ulimits": null,
            "CpuCount": 0,
            "CpuPercent": 0,
            "IOMaximumIOps": 0,
            "IOMaximumBandwidth": 0,
            "MaskedPaths": null,
            "ReadonlyPaths": null,
            "Init": false
        },
        "GraphDriver": {
            "Data": {
                "LowerDir": "/var/lib/docker/overlay2/0a9c8758c32a2d1246dd8d861769b3d8a404c43e6667a309b036de113cfe84dc-init/diff:/var/lib/docker/overlay2/b49a87664a41409f467aa85bdb06c1bbebcec9bea8419c4901aeb91e09295ee6/diff:/var/lib/docker/overlay2/8f6a6a8c2fd5b09c3457394aeb5d6eec827a61c8387b4ffd63e16593457a5673/diff",
                "MergedDir": "/var/lib/docker/overlay2/0a9c8758c32a2d1246dd8d861769b3d8a404c43e6667a309b036de113cfe84dc/merged",
                "UpperDir": "/var/lib/docker/overlay2/0a9c8758c32a2d1246dd8d861769b3d8a404c43e6667a309b036de113cfe84dc/diff",
                "WorkDir": "/var/lib/docker/overlay2/0a9c8758c32a2d1246dd8d861769b3d8a404c43e6667a309b036de113cfe84dc/work"
            },
            "Name": "overlay2"
        },
        "Mounts": [
            {
                "Type": "bind",
                "Source": "/Users/kaijun/Go/src/kms/pkg/scripts/kms-encryption-conf.yaml",
                "Destination": "/etc/kubernetes/encryption/encryption-conf.yaml",
                "Mode": "ro",
                "RW": false,
                "Propagation": "rprivate"
            },
            {
                "Type": "bind",
                "Source": "/Users/kaijun/Go/src/kms/pkg/scripts/plugin.yaml",
                "Destination": "/etc/kubernetes/manifests/plugin.yaml",
                "Mode": "ro",
                "RW": false,
                "Propagation": "rprivate"
            },
            {
                "Type": "bind",
                "Source": "/lib/modules",
                "Destination": "/lib/modules",
                "Mode": "ro",
                "RW": false,
                "Propagation": "rprivate"
            },
            {
                "Type": "volume",
                "Name": "c828520e1c45b5e70b7ae8aa0568608811fd260e2339fe9af0579e668855580e",
                "Source": "/var/lib/docker/volumes/c828520e1c45b5e70b7ae8aa0568608811fd260e2339fe9af0579e668855580e/_data",
                "Destination": "/var",
                "Driver": "local",
                "Mode": "",
                "RW": true,
                "Propagation": ""
            }
        ],
        "Config": {
            "Hostname": "kind-control-plane",
            "Domainname": "",
            "User": "",
            "AttachStdin": false,
            "AttachStdout": false,
            "AttachStderr": false,
            "ExposedPorts": {
                "6443/tcp": {}
            },
            "Tty": true,
            "OpenStdin": false,
            "StdinOnce": false,
            "Env": [
                "KIND_EXPERIMENTAL_CONTAINERD_SNAPSHOTTER",
                "KUBECONFIG=/etc/kubernetes/admin.conf",
                "PATH=/usr/local/sbin:/usr/local/bin:/usr/sbin:/usr/bin:/sbin:/bin",
                "container=docker"
            ],
            "Cmd": null,
            "Image": "kindest/node:v1.27.3@sha256:3966ac761ae0136263ffdb6cfd4db23ef8a83cba8a463690e98317add2c9ba72",
            "Volumes": {
                "/var": {}
            },
            "WorkingDir": "/",
            "Entrypoint": [
                "/usr/local/bin/entrypoint",
                "/sbin/init"
            ],
            "OnBuild": null,
            "Labels": {
                "io.x-k8s.kind.cluster": "kind",
                "io.x-k8s.kind.role": "control-plane"
            },
            "StopSignal": "SIGRTMIN+3"
        },
        "NetworkSettings": {
            "Bridge": "",
            "SandboxID": "8209d5ce733d006ba13de2c7107fcfd8ab0091e5bb6d77063348d6954df6801c",
            "HairpinMode": false,
            "LinkLocalIPv6Address": "",
            "LinkLocalIPv6PrefixLen": 0,
            "Ports": {
                "6443/tcp": [
                    {
                        "HostIp": "127.0.0.1",
                        "HostPort": "56263"
                    }
                ]
            },
            "SandboxKey": "/var/run/docker/netns/8209d5ce733d",
            "SecondaryIPAddresses": null,
            "SecondaryIPv6Addresses": null,
            "EndpointID": "",
            "Gateway": "",
            "GlobalIPv6Address": "",
            "GlobalIPv6PrefixLen": 0,
            "IPAddress": "",
            "IPPrefixLen": 0,
            "IPv6Gateway": "",
            "MacAddress": "",
            "Networks": {
                "kind": {
                    "IPAMConfig": null,
                    "Links": null,
                    "Aliases": [
                        "0111305b1bdb",
                        "kind-control-plane"
                    ],
                    "NetworkID": "083a86a4d0af3c242f9d485c9bc09d46967007af633c588d32909ce310731350",
                    "EndpointID": "4e2b88ebca74d9c5166c08235c93e99fe2464eaef548d38ac34e54a6adbe0b05",
                    "Gateway": "172.19.0.1",
                    "IPAddress": "172.19.0.2",
                    "IPPrefixLen": 16,
                    "IPv6Gateway": "fc00:f853:ccd:e793::1",
                    "GlobalIPv6Address": "fc00:f853:ccd:e793::2",
                    "GlobalIPv6PrefixLen": 64,
                    "MacAddress": "02:42:ac:13:00:02",
                    "DriverOpts": null
                }
            }
        }
    }
]
